,Next Mode
9687,0
11630,1
12471,1
6122,0
3512,2
9248,1
1321,0
11504,1
11786,1
7031,1
13239,0
5232,0
12505,0
5521,0
10393,0
3641,0
8585,0
5988,1
9360,2
2349,0
13700,1
12032,2
7795,1
3188,1
2775,1
12879,1
7376,0
13386,1
9428,1
4810,1
12501,0
6406,1
5654,1
12525,1
10351,0
2998,1
5836,2
2904,0
10709,0
10492,1
6121,1
6087,0
2408,0
12836,2
13274,0
7518,0
10067,1
9902,0
10467,0
7229,1
6658,1
2815,1
243,1
11284,1
13662,0
2724,2
14336,2
1054,0
1826,2
7073,0
492,0
610,0
4475,0
11009,1
4130,1
6283,0
4837,1
7745,1
6349,1
7474,0
10678,0
5137,0
7299,1
1553,0
3050,1
10696,0
8712,0
9987,0
13869,1
14497,1
10038,0
9227,0
12497,1
5541,1
8665,2
47,2
11901,2
6555,1
726,1
7290,1
14070,0
14315,1
10741,1
281,2
5238,0
2878,2
9685,0
5440,2
10498,0
14064,1
14186,0
4169,0
2258,1
709,0
5223,1
12052,0
2463,0
3315,2
4012,1
7362,1
848,1
11499,2
14685,0
14507,1
14381,0
9329,1
523,1
8866,1
1351,1
8082,1
3005,2
144,1
9642,0
12197,0
12411,0
13122,1
8407,1
9196,2
3445,0
3865,2
1854,0
4306,1
9425,1
3385,0
14459,1
2202,1
6117,0
7215,0
1097,1
8638,0
11407,2
3277,0
6785,0
4964,1
2570,1
13247,1
1362,2
11461,0
13595,1
6916,0
13148,0
8475,1
9464,1
10517,0
1010,1
12147,1
12409,1
1509,2
6202,0
9320,1
12377,0
14209,0
3859,0
1241,1
6644,1
1674,0
10321,0
11329,1
14555,1
3654,0
8218,2
1672,1
8394,0
13609,1
11253,0
151,0
4843,2
5955,0
11654,1
4050,1
454,2
1862,0
2945,1
3852,1
8897,1
1626,0
13633,0
5159,2
2117,2
9420,1
9616,1
11023,1
8986,1
9811,1
12289,1
5975,0
14434,0
337,0
9275,2
11223,1
4689,1
10773,0
6007,2
12272,0
10686,2
4754,0
1184,2
1769,1
8209,1
2512,0
1852,0
11241,2
7035,0
4448,1
2868,1
5555,2
11004,0
3995,1
4686,0
1803,0
10490,1
842,1
4695,2
3051,2
9683,0
12871,2
3436,1
11139,0
7695,0
11399,2
13111,0
13674,1
6598,0
1972,0
4548,2
3469,1
4706,2
3000,2
2363,1
8249,0
14237,1
9159,1
13841,0
12769,1
11974,1
13944,1
11427,0
14511,0
5273,0
879,0
13156,0
4945,1
3409,0
1041,1
14166,1
2894,2
14062,1
3167,2
5735,1
3785,0
359,0
5538,1
8020,1
922,0
2123,1
12620,1
4121,1
14596,1
8372,0
10023,0
9135,0
793,2
7092,2
7621,1
9021,2
13371,2
8214,0
7000,0
1307,0
9737,0
5015,0
574,2
7280,0
2392,0
14091,1
265,0
8317,0
14569,2
6457,2
760,2
13052,0
4369,0
8555,0
8405,2
12898,1
5030,0
12119,0
11977,1
11224,0
14643,1
11872,0
466,1
6886,0
5375,1
5470,0
11212,1
14682,0
1959,1
14362,0
5067,0
14202,0
6307,1
8888,0
3332,0
14288,0
2608,1
3449,2
9416,1
11027,0
6541,1
13526,1
9396,0
3316,0
1577,2
13904,1
2896,2
5808,0
115,0
5183,1
9651,1
991,0
4580,1
8625,0
8201,1
10127,0
14726,2
5056,0
4387,1
3031,1
2712,0
7396,1
12012,1
13916,1
3038,1
14341,0
9921,1
11274,2
5832,0
4743,2
9170,2
9666,1
13996,1
8996,1
11264,0
10491,1
10280,0
3853,0
13567,0
12120,1
5436,2
13083,1
10930,0
13571,0
988,0
10331,0
3416,1
2109,0
10198,2
11131,1
11724,1
14350,0
6728,0
5320,0
1425,0
9913,1
12221,0
2807,0
5948,0
2428,1
3376,1
4188,1
13865,1
1649,0
13785,0
10008,1
3857,1
11664,1
5503,2
1736,1
13589,0
2886,1
10371,1
11927,1
1840,2
5268,1
7644,1
2055,1
12260,1
11430,1
6111,1
146,0
41,0
4682,1
3828,1
9475,1
8637,1
834,0
7997,2
9419,1
9540,0
10604,1
1072,0
9109,1
13220,1
11837,0
1020,0
7778,0
10472,0
11034,0
5718,0
7904,0
528,0
3878,1
8449,1
2787,0
11199,0
11022,1
14624,0
9480,2
2934,0
7877,2
9280,1
12422,1
5208,2
5140,1
9874,1
538,2
4849,2
5942,0
965,1
221,1
13922,1
7729,1
6551,0
11612,0
8443,0
10339,2
6768,1
7192,2
13641,0
773,2
4540,0
1215,2
433,1
13488,0
3562,0
375,1
14546,1
1384,1
5234,0
11470,1
1406,0
313,0
3902,2
1012,1
2136,2
8165,2
3733,0
7658,2
1030,1
8878,1
9296,2
12208,1
12837,1
12509,1
4761,0
5524,1
14464,0
5648,0
1315,1
3748,1
8600,0
10790,1
7530,2
14309,1
10204,0
14374,0
4324,0
7297,1
4491,0
1502,1
2531,0
5635,1
11530,1
14285,0
28,0
12766,1
12170,0
13269,1
1177,1
10299,1
13545,2
2056,0
10535,1
8347,0
14060,2
12313,1
5327,0
13646,1
5029,2
13976,1
8479,2
6402,0
12258,1
4860,1
4096,1
9164,1
9729,1
9999,2
2650,0
14096,0
2496,2
7087,1
6243,1
7864,1
14273,0
7068,1
7463,0
942,0
2960,1
12658,0
11455,1
1818,0
8828,0
14217,1
1013,0
10146,0
2298,0
9932,0
1941,0
8534,1
9819,0
10441,0
4722,2
5128,2
14390,0
10211,2
6678,0
14294,1
5782,2
2403,2
13730,0
13832,1
2736,1
3056,0
2670,2
12201,1
6694,2
5733,1
4624,0
11755,2
749,1
11774,1
2805,0
14424,0
7860,0
3838,1
13638,0
13850,0
10700,1
12838,1
11344,0
2096,2
9130,0
6251,1
14089,0
4290,2
7823,1
62,0
14676,1
13248,0
11415,1
6960,1
9030,0
13867,0
2630,1
6499,2
11588,0
8693,2
13891,1
5570,2
13380,0
14513,1
5952,0
4404,2
12663,1
6321,0
1137,2
13405,0
9831,2
3413,0
1987,0
2040,0
12161,0
536,0
12641,2
3571,2
6414,1
4675,0
11188,0
10861,0
4654,1
11308,0
8014,2
14494,1
3294,0
1031,0
5673,1
2546,1
9086,1
9786,1
7480,2
6384,1
12991,1
3729,1
14365,1
2020,0
10213,1
3093,2
9243,2
8402,1
2200,0
8801,1
5300,1
13164,1
3936,0
10579,1
1204,2
2273,0
11289,0
4640,0
11748,0
1118,1
11409,0
1588,0
3616,0
5683,1
1545,1
266,1
9688,1
6271,0
4119,0
8719,1
1655,1
1233,1
9829,0
11285,1
4269,0
12781,1
13554,2
13480,1
14579,2
5830,1
7489,1
6975,1
5446,2
2113,1
14417,2
4381,1
8847,0
10523,0
10433,1
9844,1
14717,0
7232,1
4087,2
8983,1
9712,0
10607,1
7138,0
13965,1
4556,0
12548,1
7990,1
5003,1
6718,1
11570,1
10309,1
9499,0
14655,0
3487,1
6076,1
1065,1
8514,2
12459,0
8904,0
11979,1
13942,2
5332,1
7972,0
11450,1
3403,1
6943,0
12555,1
6263,0
5608,1
2157,0
3583,2
11731,0
11870,0
11633,1
2036,0
10622,0
6036,1
13919,2
12374,0
9576,1
4089,0
10442,2
6471,1
11355,0
10993,1
4212,0
5722,1
9763,1
9930,1
10399,0
3371,1
2547,1
11934,0
10070,1
8097,0
10178,0
13434,1
1371,0
10069,1
8175,1
13555,1
8594,1
14130,1
7204,1
3461,2
2245,2
5823,1
2793,1
7002,2
13360,0
11293,1
7269,1
1093,1
14665,0
9755,1
3945,1
14452,2
5544,2
440,1
9168,1
711,2
6955,0
7956,1
8015,0
9467,2
9246,0
894,2
4911,1
1109,1
11380,0
6737,2
607,1
3917,0
14378,0
1994,1
8705,1
4660,1
11797,0
2297,0
7764,0
933,0
9300,1
8669,1
3732,1
9131,0
236,0
14412,1
8932,0
4222,0
5834,0
4432,2
8423,1
11560,0
1433,2
14714,0
13042,1
4227,1
14191,0
792,2
13813,1
10909,1
9186,1
3850,1
7999,1
3340,0
1162,0
9051,1
12952,2
324,0
12347,2
4252,2
8678,2
143,2
8629,0
10141,2
10647,1
3071,2
4073,0
5967,0
8075,1
2391,0
8362,2
6352,0
14152,0
10113,2
9580,1
14284,0
13788,0
3510,0
5154,0
7316,1
14007,0
14544,0
10010,0
6325,0
2911,1
4466,0
2162,0
4987,0
1016,2
7011,0
8800,0
9934,0
2596,0
2482,2
4712,2
7338,1
11788,1
13726,1
14055,0
5221,2
10641,0
7409,0
13884,2
13659,0
3063,2
5734,0
11233,1
12971,1
12858,2
1267,0
8093,0
14274,0
4028,0
8437,0
1172,1
13040,0
5863,0
5142,0
8767,1
4421,0
9865,0
8723,1
7453,0
1636,2
2400,2
8132,0
1503,0
14085,2
9541,2
3346,1
2061,0
8578,1
12790,0
10130,0
92,1
8980,0
6742,1
10705,0
9695,0
8663,2
12571,1
14646,1
13327,0
10054,1
1378,0
12583,1
9730,0
1524,0
12283,0
11581,1
10476,1
902,0
6826,0
13200,0
9941,0
8277,0
14483,0
11030,1
8846,2
10437,0
7203,0
4967,1
6441,0
13044,1
12864,0
13975,0
6730,0
8834,1
12564,1
3258,0
14316,0
9125,0
5968,2
14393,1
3025,0
13582,0
1210,0
13860,2
10926,2
2964,2
6433,0
7418,0
8572,0
6577,1
11603,0
4760,0
3158,1
14244,0
6133,1
10798,0
10851,1
482,1
5346,1
12985,0
6825,0
3370,1
11983,0
14522,1
1619,1
3800,0
2686,0
11258,2
11273,2
7033,2
10970,1
12962,2
2916,0
6878,0
12438,0
11137,0
5576,1
8008,1
7429,1
13954,0
7361,2
11897,1
11436,0
999,2
1878,1
9431,2
10506,0
11163,0
8909,0
1890,0
6000,1
9579,2
12024,0
12652,2
9434,0
5644,1
7187,2
7471,1
3563,1
4225,0
14366,0
9143,1
12338,2
755,2
8441,1
7848,1
7421,2
2826,0
9953,1
13304,2
2607,0
8971,0
12226,0
297,1
7446,0
10362,0
14384,1
8747,2
542,0
10906,1
5281,1
10128,0
1452,1
10055,1
11238,1
4480,2
49,1
5639,0
2535,0
11351,0
10860,1
945,1
12457,1
6502,0
4518,1
2961,1
14286,1
12083,2
6709,2
14320,2
11910,0
11791,1
12686,0
9535,0
6721,1
8634,1
10372,0
12754,2
812,0
9723,0
2154,1
3388,0
5253,0
6519,0
13289,1
3986,1
9134,1
11109,1
4385,0
9255,0
1282,2
624,2
75,0
11891,0
8848,1
8989,0
5539,1
157,0
2246,1
6690,0
989,0
3426,1
9760,1
5678,0
800,1
12821,1
7380,0
1625,0
13196,2
5330,1
1349,1
4484,2
7131,2
1052,1
6653,1
3518,1
3010,0
5681,0
9075,2
7628,1
11534,0
1245,0
176,0
14489,0
13649,1
9473,2
2948,1
13845,1
2656,1
4912,1
7676,2
10984,1
4176,1
11913,2
5630,0
1581,0
9803,1
12331,1
7208,2
11078,2
11361,0
14727,0
5516,0
12645,1
3363,1
1976,1
246,0
14004,1
10713,2
5509,2
7774,0
5547,2
738,2
11211,0
10986,1
7329,0
8013,1
12830,2
11544,2
4846,2
5407,0
5228,0
7224,1
7034,0
13515,1
4652,1
679,1
13645,0
4841,2
4144,1
3151,1
2308,1
4545,1
7950,1
7573,1
9113,0
4749,2
4270,0
9097,0
11926,0
5048,1
9252,0
3182,0
6951,0
3374,0
4406,1
3517,1
9013,0
2335,1
8408,0
13342,0
12650,1
6870,1
2616,0
6574,2
7470,0
7289,1
10206,0
4983,1
2632,1
5218,0
8367,0
9389,0
10343,2
2166,0
3526,2
10419,1
3975,1
1990,0
7159,2
1902,1
12631,1
12513,1
6308,2
9556,1
14535,1
10312,2
4065,0
5870,1
2902,0
3404,0
11094,0
1098,0
13539,1
465,1
448,1
5329,1
194,2
1399,0
2788,2
12926,1
14651,1
11349,0
217,1
4817,1
8287,1
5764,2
2909,1
11966,1
37,0
3490,1
12294,1
8453,0
4122,1
6048,0
12355,2
8648,2
6670,1
6245,0
7153,0
1156,1
11532,1
14160,1
13474,0
1139,0
6385,1
2295,2
1402,2
14645,2
9646,0
21,1
1222,1
8884,0
14256,0
8083,0
2804,0
8926,0
11269,1
10356,0
5371,0
10558,2
2828,2
4766,1
13796,1
11061,1
7677,1
9520,1
3567,0
13245,2
12805,0
7569,2
10842,0
425,1
1461,0
10082,1
10555,2
1453,0
14724,2
6408,1
12705,2
8298,1
622,1
5199,1
1817,1
11204,1
2526,1
6907,1
983,0
6962,0
10174,0
4820,1
955,1
11742,1
12448,2
182,1
5903,0
14143,0
7332,1
2042,0
2795,1
13789,1
14493,0
2591,1
13491,0
7918,0
7094,0
453,1
6880,1
7798,1
5511,1
4499,0
11180,0
7375,1
4595,1
13660,0
1435,0
10530,1
8349,1
5086,0
232,1
14472,1
14564,2
12291,2
9593,0
6418,0
1053,2
4958,0
2635,1
3657,0
11364,2
7350,0
7207,0
6031,0
9124,1
2831,2
9271,0
4538,1
7420,1
2165,2
11444,0
8852,2
771,1
13755,0
3446,1
9753,2
1627,1
13049,2
3950,1
2874,1
11114,0
3629,1
12653,1
13994,0
12584,2
2091,1
7065,2
2307,1
8703,2
798,0
7576,1
11229,1
1446,1
10663,2
9019,2
2150,1
12726,2
11984,1
14177,1
14590,1
1487,0
3433,1
9435,0
6237,1
3148,0
4135,2
4338,1
12772,0
5701,1
1455,2
7786,0
7592,0
11552,1
9777,1
4127,0
13076,0
9078,1
1135,2
4713,0
5026,0
3659,2
7525,0
8417,0
2106,1
10637,1
628,1
6084,1
8070,2
4311,0
10766,0
10682,1
3709,2
2156,1
3922,0
8868,0
966,0
4547,1
3679,1
4345,1
7586,1
9498,1
12190,0
10617,0
2747,1
10202,0
4931,2
10410,0
2565,1
10037,1
3027,1
11077,1
8160,1
5592,1
4560,0
2476,0
12524,0
6085,2
1328,0
2963,0
12202,1
12800,1
13735,0
742,0
1411,1
12428,1
9153,0
7106,1
3533,1
11614,0
9200,1
2770,0
3427,2
1698,1
660,2
12263,1
14344,1
12348,0
9961,0
14439,1
2350,2
13977,1
398,0
1086,2
1211,0
8323,2
564,1
2926,2
10279,1
3515,0
14495,1
204,0
9632,1
6544,0
2812,0
8141,1
9215,1
11408,1
1364,0
1500,1
13980,0
11033,1
5344,0
87,0
13399,2
6967,0
4943,0
1604,1
10949,0
8117,2
10508,1
3227,1
602,1
5708,0
10147,0
5073,2
477,1
8620,2
2262,1
8285,2
1079,0
8439,1
8826,0
2405,2
8025,0
13379,0
2134,2
12279,1
2986,0
1628,2
455,0
5677,1
4501,1
11119,0
5721,0
12137,0
10533,0
14216,2
10627,0
1519,2
9462,1
2223,1
3790,2
6685,1
6461,2
630,1
1008,0
5155,0
4303,2
1542,0
2404,0
4893,1
11631,1
6257,1
1491,1
13069,0
3357,1
13353,1
11496,1
13751,0
13888,2
12648,2
7715,0
8596,0
10307,1
4758,1
7549,0
4298,0
13561,1
3292,2
8770,0
6421,1
5902,0
4097,0
11959,1
6019,2
13853,1
2130,0
11652,0
1159,0
4563,0
8137,0
11804,0
13250,0
10337,1
2937,1
3918,1
5387,1
4797,2
2525,1
3570,1
8426,1
10386,1
6672,1
203,2
2397,1
3932,1
6900,0
14414,1
2818,0
8552,1
6869,1
7426,1
3772,1
9785,1
13224,0
9220,0
8713,2
3162,1
2853,0
10537,0
13007,0
13433,1
3100,2
10397,0
5748,1
7027,0
3191,2
1764,2
5160,1
9451,0
6928,1
11882,0
1749,0
14429,0
2688,1
8263,2
11464,1
13105,1
3916,0
5439,0
8256,0
9830,0
3102,2
12000,1
2332,0
11745,0
14463,0
10724,0
2499,0
533,0
12055,0
6370,1
948,1
12808,0
11587,2
9583,0
1756,1
12196,0
4211,1
3910,1
3286,2
13113,0
13255,1
4320,2
2452,0
2447,2
7093,0
3476,0
3123,1
4390,0
8173,1
1462,1
11887,0
8736,2
11868,0
13140,2
8115,1
7767,0
10566,1
2118,2
330,0
1928,2
1927,0
1377,0
1081,0
6374,2
3170,0
2895,0
4328,1
13158,0
5063,0
8706,0
13881,0
6882,1
688,1
4975,2
2661,0
5522,0
13680,1
11818,0
10817,0
10308,1
3773,1
14027,1
187,1
8726,2
5790,1
9272,1
4997,1
13087,1
702,1
10814,0
7843,2
5079,1
2131,1
12657,0
552,2
10192,1
3360,2
4865,1
10792,1
205,2
8908,0
8879,2
1747,2
5131,0
10719,1
1563,0
6287,2
6086,1
5455,0
905,1
3219,0
4456,1
7494,1
5908,0
8350,1
6858,1
1740,2
3029,0
1506,0
10822,0
14577,0
5951,1
8757,0
830,0
9722,1
2538,1
5219,0
5423,0
12958,1
11916,1
12577,0
9029,0
12773,0
5751,1
9986,1
13153,0
14156,2
3695,1
13693,1
10871,2
10169,0
4477,0
8809,1
6488,0
2666,0
6932,0
6583,1
8876,1
1633,1
12293,1
8943,1
4409,2
5076,1
7868,0
10278,0
4091,2
8395,0
6767,1
1717,1
4916,2
3762,1
13519,1
1463,0
13635,1
8982,1
3711,0
9889,2
10654,1
13636,0
14425,0
6265,1
13201,0
1087,0
2564,1
12512,0
3194,1
10685,2
14239,0
3551,1
4828,2
8699,2
11923,1
291,0
2674,1
9904,0
8997,1
4248,0
14199,1
4088,0
10099,1
6396,1
6998,0
11806,0
8560,1
5361,2
10104,1
7432,1
13132,2
1675,1
4116,1
6067,0
3180,0
10335,0
11203,0
1969,1
12814,0
0,0
38,1
8219,1
11849,2
517,0
12667,0
4508,2
569,0
10777,1
1160,2
3471,1
10110,2
9377,0
9732,0
849,1
4331,1
12462,1
12431,0
456,1
9852,0
9915,2
1920,0
2771,1
5216,1
13315,1
7022,1
4472,1
6346,0
9489,0
14474,0
10330,1
14707,2
2320,0
5523,1
4806,0
13512,2
2634,0
7804,1
13102,1
4741,1
3345,1
9482,0
12797,0
14716,0
11503,0
14560,0
11148,2
6171,0
10241,1
1165,1
3665,1
13750,0
7348,0
2415,0
4070,0
11798,2
2518,1
1050,1
13606,1
7561,1
13121,1
58,1
10568,1
2876,0
4868,1
11526,1
6065,0
10754,1
1110,2
8769,0
13047,2
12611,1
8432,0
6175,0
14385,2
12983,0
12144,0
13172,2
9728,0
8985,0
1665,1
6201,2
1914,2
4397,0
9837,0
2533,0
2930,1
13999,1
12111,0
2587,0
13901,0
9001,2
13464,0
6272,2
870,1
8438,1
4336,0
14589,1
5396,0
7543,0
2237,1
2748,1
1103,0
5105,1
4762,1
5501,1
2375,1
2005,1
2079,1
11478,1
11144,0
9564,2
1170,1
3334,0
2286,0
273,0
8549,0
13934,0
12522,1
11689,1
3077,0
11466,0
8952,1
14736,1
4467,1
9568,2
9163,1
9787,1
8363,0
5562,0
2884,2
11883,0
13643,0
13544,0
12570,2
2605,0
10940,0
6166,0
9064,0
3262,0
11775,2
4778,2
13708,2
5334,0
2456,0
11721,2
9486,0
11242,1
5849,0
9282,1
12714,2
2098,0
163,0
8471,2
10518,2
3592,1
12816,1
7975,0
8650,1
6230,2
7951,2
9588,0
13394,1
6899,1
3755,2
13439,1
6273,1
11961,2
10057,1
4838,0
1992,0
13861,0
5692,1
10119,0
7613,2
2834,0
14731,2
13218,1
3623,1
8925,1
1945,0
9184,2
12774,0
14132,1
8562,2
12372,1
13511,2
12005,0
12383,0
4278,0
923,2
6277,1
7820,0
3577,0
4687,0
7116,1
8656,0
89,1
387,1
14690,1
1272,1
1743,1
11657,0
11410,0
11155,0
1173,2
5098,1
13287,1
11323,1
6856,0
8526,1
520,0
11727,0
1240,1
4786,0
6562,1
9735,0
7597,0
4446,0
2176,0
5237,0
13387,1
13697,0
1564,0
9946,2
380,2
12396,0
357,2
8476,0
4559,1
7949,1
8433,1
4339,2
10597,1
1194,1
9506,0
5687,0
4973,2
6343,0
6761,1
4271,2
5437,1
11773,1
14122,1
873,1
8157,0
6278,1
5342,2
4656,0
8104,0
175,1
7496,0
1127,1
14675,0
9744,0
6475,0
7434,0
8803,1
13355,1
7527,1
12148,1
12554,1
4281,2
6176,1
9365,0
3254,0
5125,1
6013,1
535,1
12011,1
5739,0
11585,0
10587,2
9185,1
4305,1
11190,0
5083,1
11599,1
9490,0
2195,0
7947,1
13506,1
2471,0
14586,0
12373,0
11463,0
14304,2
2382,0
7499,1
4447,1
6135,0
195,0
14163,1
1833,2
9063,1
5633,1
916,0
11473,1
4112,1
13019,1
4077,1
7606,0
808,0
4662,2
783,2
14292,0
97,0
8545,2
14649,1
8392,0
1857,1
13381,1
9101,0
7678,0
6199,0
1448,2
968,1
13100,1
9213,0
298,2
7433,0
11326,1
10911,1
11280,1
11615,1
9621,1
413,2
5286,1
3150,1
10235,1
5976,0
13952,0
892,0
2516,1
880,0
2147,2
11210,0
13378,0
9774,0
12803,1
11062,2
8918,0
136,0
498,1
3725,2
8609,0
7614,1
3896,0
10379,1
12322,2
7948,1
7324,0
4361,1
6357,1
14450,0
295,0
10613,1
3036,0
11747,0
10432,0
9594,1
11337,1
13485,0
6724,2
8894,2
5271,1
382,1
10630,1
1009,0
5837,0
5279,2
125,2
4844,0
11068,0
199,1
8709,0
4041,1
10545,0
1390,1
5983,1
9890,1
7497,1
4500,1
13288,1
7769,1
8026,1
5824,0
1668,0
3578,0
1606,0
13244,2
4596,2
4550,0
6172,1
6713,0
7284,1
12290,0
3251,1
6317,0
5599,2
3451,2
13501,1
3498,0
14491,1
4427,0
5867,1
12669,1
13642,1
3111,1
7357,1
1794,1
7669,0
11779,0
8796,1
5373,1
6877,0
9353,1
4946,1
14377,1
1750,0
11729,2
1044,2
2256,0
3368,0
3037,2
7940,2
10199,0
183,1
6136,2
4322,2
14084,0
8602,1
13873,1
5231,0
1409,1
11929,0
13253,0
5318,0
5914,0
8455,0
12614,2
3406,0
11252,0
2798,1
6051,0
1419,1
9696,0
9144,1
4452,2
5464,2
1880,0
9893,0
10722,0
5039,1
3054,2
8931,0
6599,1
11187,1
13376,0
4681,2
96,0
14014,0
6605,1
6470,2
13023,0
8724,2
673,1
11900,2
11099,0
3231,0
1049,1
11000,1
7681,0
663,0
9658,0
11670,0
12868,1
12192,0
1575,0
716,1
13866,1
6113,0
11173,1
6508,1
11890,2
11431,2
4179,1
5457,1
7833,0
9601,2
714,2
11017,1
10575,0
6871,2
5469,1
2361,1
2348,2
11302,1
10916,2
486,0
12636,2
7405,1
8559,2
9850,1
10292,2
7038,0
247,1
2740,1
8304,1
7624,1
4529,2
1983,2
3225,0
10142,1
7927,1
4915,0
13895,2
7787,0
4692,0
2480,2
13118,1
3084,2
13815,0
9543,0
4470,1
9294,2
9423,0
8098,2
11198,1
1207,1
2836,0
12058,1
3591,1
1432,0
12400,1
7037,1
2612,1
1886,0
10196,2
367,1
6522,1
5861,0
7566,1
8544,0
5926,1
10396,1
9312,2
4424,0
3325,0
6735,1
5177,1
13830,0
4804,2
6596,1
13982,2
12824,0
5472,0
8290,2
8784,1
7759,1
14427,1
8383,2
2337,2
3712,2
1583,2
2004,0
2936,2
7274,0
3160,1
779,1
11079,0
5424,1
8717,0
8580,2
13510,1
13666,1
13502,0
14594,2
8123,1
7521,1
4528,1
10843,0
6495,0
4151,1
2018,0
1379,1
8732,1
7757,1
12634,2
4543,0
5386,0
6112,1
6797,1
12699,1
3319,0
8382,0
1980,0
9222,1
14453,0
10704,0
2229,2
7249,0
9141,1
14218,1
1820,2
15,0
11969,1
2326,2
8853,1
9469,0
2172,1
3658,2
8807,1
13995,2
13550,1
14672,1
14740,2
12677,1
4168,0
606,0
11515,1
2620,0
2301,0
14117,1
7104,0
9960,1
6262,0
3798,1
1897,1
1907,0
5451,1
5394,1
11384,2
14521,0
6197,0
685,1
1517,1
3129,1
4400,0
5165,2
2121,0
8683,2
7959,1
4632,1
5766,2
10062,2
6147,1
3848,0
9596,0
2606,1
14228,1
4847,1
10318,1
8838,0
2802,1
4892,0
6859,0
14106,2
1802,0
9841,1
10456,1
13418,2
12707,1
10402,0
1270,1
12165,0
310,1
12996,1
5831,0
13690,2
9426,0
4288,2
7233,1
3867,1
3620,0
13967,0
2278,0
5676,1
11845,1
10774,1
158,1
675,2
8737,1
11456,1
4852,1
9295,2
4242,2
10185,1
231,1
11543,1
346,1
6778,2
6832,1
13375,2
5429,1
8168,0
5289,2
1143,0
2479,0
1497,0
1361,0
270,1
4787,0
9846,0
1064,1
5167,0
13990,0
12066,1
5100,0
1772,1
5392,1
4066,1
5756,0
2952,0
940,0
1195,1
10036,1
4966,0
8970,0
9116,0
4546,0
13415,1
11014,1
14416,0
4867,0
9430,0
10361,2
14630,1
9188,2
7058,1
13797,2
10344,0
2085,1
4333,0
3854,0
13514,0
11048,2
11255,1
12616,1
962,1
9491,0
9083,1
9445,1
7059,2
2510,1
12213,0
9321,0
5017,1
4020,1
9355,1
10430,0
1061,2
10000,0
7600,0
7604,1
3726,0
5356,1
12965,1
13476,1
7281,1
11488,2
10063,1
13683,0
11545,0
2049,0
6873,0
14545,2
11732,2
13569,1
4244,1
42,0
3336,1
1979,0
1343,1
5628,1
10732,1
1676,1
13249,0
17,0
7708,1
3947,1
9959,1
3830,0
14030,2
9297,0
10840,1
8589,0
11589,1
1821,0
5425,0
2254,0
1744,2
10571,0
5528,0
6139,1
12920,1
9230,0
14611,0
1773,2
14443,0
10853,0
13663,0
6437,0
2563,2
9363,1
9382,1
1715,1
11546,1
2311,0
1661,0
7662,1
153,0
3130,1
7257,1
590,1
13483,1
6548,1
9422,1
5292,1
3276,0
269,0
6238,1
551,1
9814,0
4862,1
7964,0
13186,1
9738,0
2285,0
14595,0
5144,0
9,1
5964,2
8431,0
6105,2
6840,2
8418,1
12770,2
7214,1
13784,1
8094,1
11678,1
768,0
836,2
2276,2
10559,1
8331,1
4598,0
2759,1
8389,2
12810,0
7462,1
5114,2
11186,1
13141,1
6930,1
7655,1
7828,1
6647,1
12557,1
10094,0
11535,1
8558,2
8031,1
13413,2
12261,0
6961,1
11147,1
6950,0
6600,0
4620,0
11561,0
7832,1
14659,2
3740,1
4399,0
11565,2
1663,1
7907,0
4282,1
9140,2
1045,1
713,0
9870,0
5806,1
5287,2
14508,2
4592,1
5355,1
10221,0
9898,1
5658,1
13771,0
801,1
509,1
11507,1
6754,1
9407,0
9392,0
12573,1
3813,1
3689,1
9675,1
5107,0
6593,1
3815,0
259,1
10051,0
12205,1
14573,0
5078,0
326,1
632,1
10821,0
13747,1
6796,0
5573,2
8933,0
5475,0
7482,0
4440,1
1811,0
11968,0
9224,1
12972,1
9978,1
5923,0
14373,1
13081,2
14661,0
11021,0
3439,1
9049,1
3169,1
2330,1
4356,0
1873,0
222,1
8051,0
12315,2
8419,1
12829,0
1831,2
3047,0
101,2
9654,1
7636,2
10251,1
8554,0
5180,1
13941,0
2336,2
2782,0
9322,1
7117,0
600,1
2823,1
7968,0
6198,0
11903,2
12832,0
9334,2
12195,0
11429,1
13209,1
1235,2
13817,1
8330,1
868,1
3434,0
2891,1
14296,0
9455,1
11194,1
13687,1
7533,0
10544,0
5408,1
274,0
2105,0
6131,2
3045,1
14677,0
4184,2
9347,1
8342,2
13270,1
3636,0
2124,0
2625,0
14190,0
5885,0
1458,0
5560,0
2445,2
7235,0
7057,1
4986,1
7982,1
8542,2
4669,0
13761,1
8448,0
11372,1
4513,2
2325,2
10543,1
11268,1
9327,1
961,0
9976,0
615,0
10625,2
7458,1
68,0
4280,0
4158,1
5314,2
10293,1
2727,1
2410,0
2829,1
8195,2
6573,1
12416,2
293,1
6304,1
5283,2
9842,0
7248,1
3710,0
2270,2
1957,0
2261,0
2155,2
7435,0
8269,1
6500,1
2437,1
13573,1
3058,1
4220,1
10415,0
10092,2
8079,1
11640,0
11467,0
2021,2
12936,0
11602,1
934,0
14324,2
5717,0
4994,1
11276,1
13443,1
692,0
6103,0
1150,1
3428,1
10729,0
1320,0
8956,1
6014,2
4018,1
6008,2
9694,0
4304,0
8040,2
3352,1
3514,2
10710,1
8271,2
11063,1
3166,1
9575,1
3892,1
3829,2
10716,0
6935,0
2357,1
6192,0
8595,0
3206,1
11056,0
8698,1
8319,1
13625,0
701,0
6568,1
12748,0
1490,2
5812,2
6804,1
8520,2
12476,1
558,2
438,1
14648,1
11175,0
5400,0
6744,2
7136,1
1309,1
4737,0
640,0
5265,1
14222,0
12296,0
959,1
6687,0
4734,1
8155,1
8994,0
14592,0
11859,2
7381,1
898,0
2429,2
1839,0
11542,2
10006,1
8424,2
9470,1
12098,2
441,1
10997,0
14628,0
6294,2
9305,1
1966,0
8032,1
8779,0
8048,0
2672,0
2316,0
11405,1
4570,1
7801,1
2718,0
1726,0
10959,1
8095,1
8085,0
13053,1
6996,2
3479,1
12216,2
6326,1
6927,2
13664,2
14348,0
1416,2
4277,2
12142,0
12544,2
7237,0
5796,0
7503,0
5959,0
255,1
4293,0
8920,0
14266,0
3322,1
12039,1
8795,2
12689,1
9891,2
3626,2
6595,0
9390,0
10702,0
3270,1
4735,0
11123,2
6029,2
10438,1
12490,1
4947,0
13667,0
8308,0
2824,2
3767,0
14504,1
12696,1
9925,2
10881,1
7064,1
11234,0
12733,1
10735,1
10059,2
9947,2
1600,0
1535,2
9977,0
12025,1
9006,1
12609,0
12441,1
4594,1
4109,0
11988,0
9979,1
2264,2
1075,0
13308,1
828,2
4552,1
5298,2
7700,1
5498,1
4249,1
13012,0
178,2
6556,2
5981,1
1835,0
7854,0
1121,2
5535,2
2478,0
11952,1
9041,0
12010,1
3937,1
641,0
13455,0
9629,1
13775,1
14681,1
6829,0
6365,0
8171,0
11685,0
2975,1
10459,0
4114,1
12454,0
588,0
3301,0
3017,1
3211,0
5468,0
6514,1
3919,0
4881,2
13686,1
5536,1
11353,0
4026,0
10157,2
1132,0
5090,2
6444,1
5176,1
8685,1
897,1
7722,0
6427,1
7244,1
1513,0
6897,2
12437,0
164,0
13008,2
6270,0
8976,1
5272,2
7529,1
521,0
10468,2
10834,0
4785,2
2897,1
9219,0
14183,0
9037,0
10783,0
3156,0
8618,0
5328,0
9756,1
10893,1
10666,1
11709,1
9324,2
6184,1
13135,0
6378,1
3941,2
1710,2
3412,0
7331,0
10047,0
9571,1
9268,0
13597,0
5935,0
10850,2
11357,2
8743,2
5574,2
7545,2
4582,0
2519,1
6248,1
13807,0
3197,0
14021,2
3856,1
13481,2
3113,2
13820,1
1385,0
10810,0
5305,1
6872,1
12487,2
2396,0
4408,0
3033,0
11121,0
12285,1
11524,1
753,0
10271,1
1763,2
3799,1
10272,1
8003,1
9525,2
5080,2
1331,1
4417,1
8973,1
9038,0
7175,2
14461,1
2840,0
8006,2
6174,0
1357,1
12122,0
14686,1
13444,0
11557,0
8482,1
4371,0
5075,2
3905,0
2174,1
2296,0
12172,0
6466,1
11087,1
5680,0
11290,0
3140,1
1770,1
6931,1
503,1
8929,1
3508,2
4017,2
12546,0
13676,2
7004,1
5595,0
8725,0
12511,1
9689,2
2497,1
8614,2
6246,1
8821,1
12430,1
10965,0
7761,1
14370,0
7913,1
309,0
4181,2
7930,1
5352,0
4075,1
1313,1
12745,0
8946,2
10357,1
7803,0
7929,1
11914,2
12230,2
6439,0
12708,1
8412,1
6956,0
3846,2
2942,0
12493,2
2279,0
8810,0
285,1
13613,0
2918,1
10894,2
12140,2
11997,1
5297,1
10380,2
4725,0
5482,0
9566,0
11659,1
2292,1
11024,2
585,1
4332,0
12846,1
4655,2
14479,1
9602,2
6613,1
10904,2
2875,1
5580,1
10644,1
11924,2
7475,2
5139,2
3645,0
3344,0
4297,0
14297,1
10578,0
5453,1
4239,0
3811,1
8009,0
2601,1
5512,2
14194,1
14528,0
11422,2
368,1
9701,2
8944,2
2664,1
12210,1
3788,0
3296,0
12316,0
10138,2
7900,2
725,1
7135,1
9635,0
832,0
392,2
4913,1
5597,1
12911,0
2047,1
865,0
14482,1
9173,0
6473,2
11207,1
14667,0
2534,2
123,0
3619,2
13836,1
1501,0
4172,2
13620,0
8504,2
14142,0
6985,1
9276,0
10950,1
24,0
7747,0
10487,0
12974,0
10233,0
4887,1
3381,1
10381,0
3924,1
4107,0
7490,0
2419,1
11096,1
10481,0
113,1
3598,2
7372,1
5285,2
1570,2
14276,1
3749,0
11831,1
13834,1
5491,2
1167,0
796,1
12179,1
2435,0
1829,0
5390,2
13821,1
10373,1
6125,1
10014,2
12878,1
11548,0
8710,0
843,0
2939,1
7892,2
10273,1
7155,2
13212,0
10891,2
3362,0
1940,1
10429,1
11176,0
10561,1
13237,2
8833,0
9002,1
4120,0
2786,0
10992,1
7351,0
5776,0
8642,0
1968,1
1358,1
14601,2
8310,0
3839,0
2957,1
9150,0
3096,0
14321,0
5563,0
2947,1
11292,1
4653,2
2958,2
9090,1
3165,2
10746,1
5261,2
9284,0
3946,1
11808,1
10595,1
78,0
1685,2
13657,0
7326,1
10019,1
14654,2
2115,0
12481,0
2225,0
6947,2
4673,1
1111,1
14567,1
11770,2
4619,1
4398,2
1544,0
8468,1
6526,0
4268,0
8696,2
4262,1
9769,0
7922,0
460,0
5258,2
696,0
12701,2
3083,1
11854,2
10628,0
5732,0
14668,1
10952,0
5939,1
944,1
6747,0
3018,2
12218,2
14299,1
25,0
12193,1
12447,0
1048,0
7079,1
2792,0
9595,0
2438,0
8288,0
5590,1
6165,2
2653,1
7491,1
9249,1
14670,2
7313,1
11830,1
11978,1
2675,2
7493,1
5259,2
5381,0
3609,0
238,1
6261,1
4736,1
7096,1
12177,1
13088,2
4131,1
339,0
7209,1
9933,0
10748,1
6108,0
12276,0
7018,1
4286,1
14211,0
946,0
1924,0
11744,1
10835,0
8100,1
6627,1
5416,1
11375,2
7682,2
12870,0
7942,0
13533,0
7507,2
2013,1
3861,1
5012,0
14534,0
14319,1
2008,0
9812,0
3066,1
5825,1
12863,0
10158,0
2870,1
7335,0
12442,1
2181,0
11556,0
8579,1
11672,1
11863,1
4702,0
5552,1
14110,0
7584,0
5014,2
10864,0
1168,2
1810,2
1131,2
22,0
8297,2
2631,1
1915,2
9003,1
8180,0
13017,1
4813,0
5763,1
2446,1
7821,0
1340,2
12337,0
10510,2
11767,1
14399,1
234,1
3594,0
1094,0
11946,0
2230,2
12526,0
1875,1
13357,1
11449,0
12482,1
10107,0
13492,1
3202,0
9971,1
3557,1
5907,2
5104,0
6177,0
13168,1
11336,1
14289,0
3463,1
35,0
12516,1
6661,0
3560,0
11616,0
3356,1
9771,0
4971,0
5316,1
14095,0
7307,2
9127,0
2639,2
14066,0
7962,0
11796,1
1754,0
2557,1
13744,0
3934,0
5212,0
11750,0
11088,0
12121,1
13765,1
7546,2
9436,0
8360,0
9700,1
9368,0
6781,0
304,0
2033,1
12681,0
10836,1
2127,1
10583,0
12123,0
2873,1
4001,0
10569,1
9945,1
13058,0
14615,0
6042,1
515,2
5581,1
7355,1
12042,2
4423,2
405,0
891,1
4866,0
904,0
8077,1
1386,2
2549,0
3520,0
1594,2
10288,2
3673,0
4285,0
6977,1
12874,1
12090,1
11331,2
5685,0
8458,2
9640,1
1777,1
3152,2
14620,1
8397,0
6034,0
14741,1
12944,1
3872,2
8473,1
3421,1
2495,2
7220,1
2730,1
6919,0
10680,0
12744,0
4832,1
12776,1
6693,2
10610,2
11236,0
3207,0
8964,0
8327,0
11502,1
14082,1
4918,0
5642,2
10153,0
14054,0
899,1
8604,1
6948,1
12117,1
4544,0
2877,2
8548,2
7580,0
7957,1
12253,0
7710,0
9087,2
13854,2
12102,0
1612,2
6921,2
1277,1
9198,2
254,1
14447,0
14133,1
1690,0
59,0
8312,1
6298,2
6158,1
5278,1
11076,2
1403,1
6358,1
5049,1
8720,1
11196,0
6629,1
8232,1
4442,1
10831,1
4482,0
11128,0
8049,1
1456,1
6311,1
1142,1
13720,0
9926,1
12933,1
2422,0
7890,0
8057,2
12468,1
3933,1
12644,1
1459,0
67,0
10914,1
14520,2
1540,0
4342,0
6001,1
5248,1
12379,0
9502,2
13213,1
1071,1
8863,1
2715,0
6610,2
8922,1
10659,0
7399,1
2626,1
8702,1
211,0
2764,2
1755,0
5005,1
550,0
13689,1
5359,1
1993,1
4368,0
4405,1
7703,0
1796,1
10289,1
11607,0
1734,0
11016,1
777,0
12026,1
13742,1
2253,2
8356,0
4782,0
13277,0
10224,1
7647,1
6341,0
14147,1
6520,1
1212,1
12446,1
10184,0
6141,1
14214,1
5726,2
8158,1
13648,1
5922,0
7588,1
7230,0
12536,0
2882,2
7118,1
1440,0
1102,1
8887,1
5370,1
5293,2
821,1
4373,2
6783,0
3972,0
5607,2
7242,1
12678,0
9935,1
7122,0
4784,0
55,1
3253,2
6733,0
3236,2
8753,0
617,2
6094,1
4679,0
5793,1
9247,1
8606,0
1689,1
1729,0
6373,1
5747,0
361,1
2345,0
11297,2
9165,0
4618,1
12737,0
4525,0
494,0
14729,0
7268,0
12855,0
11909,1
2814,0
5564,2
4445,0
3318,1
1958,1
1638,0
13014,0
12589,1
1921,0
9071,2
4885,1
9374,2
5236,0
450,0
12109,1
12467,0
12038,0
10794,0
10495,2
14328,0
7773,2
13207,2
8425,0
5979,0
895,2
4276,1
1650,0
2041,1
286,0
7879,1
11521,0
8033,2
14631,1
12211,1
2066,2
5567,1
9205,1
9634,1
4699,1
6337,1
2426,1
11912,1
10400,1
11104,1
10673,0
12395,1
9652,0
4612,1
2315,1
10588,0
8318,0
11677,0
14210,0
12327,1
10987,1
9764,0
5731,1
10290,1
10809,1
12013,2
9257,0
10633,0
11919,0
437,0
6837,1
10207,0
11263,0
6642,1
5349,0
5841,2
7993,0
835,0
10868,1
4599,2
7886,0
6652,0
1913,1
3537,1
12777,0
1291,0
3074,1
2866,1
1253,1
7973,2
2781,1
2217,0
10035,1
6223,1
13738,0
11370,1
11005,1
7528,0
14238,0
2303,1
706,1
10862,1
13349,2
8017,2
8061,0
2667,1
4917,0
578,2
10061,0
10117,0
11734,1
1536,0
11249,0
931,1
3881,1
10126,1
2928,0
9938,0
12346,2
4261,0
20,0
4360,0
11394,1
7369,0
7617,1
8815,2
5753,0
10016,2
10145,0
3120,1
8099,0
7430,0
3502,1
2324,2
6914,1
3745,0
8326,0
6355,0
8143,1
4877,1
3089,0
347,1
202,0
697,0
138,1
3091,1
3719,0
13741,1
8065,0
7611,1
3868,0
9514,0
7251,2
11520,0
568,1
4646,1
8523,0
10897,0
4597,0
10547,0
12319,0
7869,0
5084,2
6167,1
6518,0
14730,1
14361,1
7772,0
12268,0
5148,1
11377,2
5031,0
9211,2
423,2
308,1
11363,1
14413,0
1,0
9784,1
1999,2
833,2
5025,0
7816,1
11638,0
9597,1
1609,2
6777,1
6741,0
3444,1
4058,2
3389,0
11487,1
657,0
9534,1
2186,2
6662,1
7352,0
2379,0
11038,1
7247,1
1225,1
2416,1
11054,0
577,0
9108,1
3661,1
7809,1
10730,2
9191,1
8354,1
12843,0
10646,0
7072,0
11091,0
1029,1
12839,0
11985,2
7128,1
9182,1
1175,0
9676,0
10264,2
807,0
12558,1
10250,2
12321,0
4937,1
13449,0
10175,1
12324,1
6128,0
2487,0
10150,1
12277,1
14604,0
7791,0
9487,1
11135,2
11235,1
5032,2
4995,0
10355,0
7937,1
11551,1
7775,1
10215,1
5738,2
7523,0
5483,1
7054,1
13055,2
14671,1
803,0
10041,0
2227,1
1991,0
12877,1
6255,0
13714,2
373,1
13876,1
192,0
531,0
7688,0
5185,1
6766,0
3136,0
1155,0
2287,1
6030,2
1918,0
5894,0
13936,1
4539,0
4478,2
10684,0
3422,0
5147,0
5310,0
3801,2
12977,1
2842,0
11662,2
9291,1
3883,2
9903,2
11665,0
7663,1
9770,2
4459,1
3970,1
12728,0
4419,1
122,1
9146,0
2457,0
6060,0
6407,1
9223,0
11704,0
5622,2
7711,2
13871,1
3069,0
5077,2
11597,2
5884,1
11378,1
3042,1
6970,2
2461,1
13341,1
12561,0
5209,0
14242,1
6025,2
4299,1
11960,1
8782,0
11700,1
11157,0
11501,1
4579,0
5740,2
6864,1
7692,2
1842,0
8808,0
5388,2
9733,0
12014,0
5097,0
14230,1
3899,1
3438,0
9388,0
9516,2
12948,2
8081,0
5883,2
241,2
3298,0
10244,0
12986,0
14197,1
5500,1
10854,1
9479,2
8754,0
8307,2
12762,0
7015,0
11460,1
3968,0
11354,0
2281,0
5989,1
13961,2
1735,1
13852,1
4014,0
6705,0
3525,1
1295,2
10434,0
11825,1
10106,0
5945,2
1436,2
8657,0
5096,0
584,2
10667,2
2024,0
2139,2
4260,1
8624,0
13238,1
5956,1
2660,2
10863,1
7231,2
4627,1
2579,1
3714,1
2643,1
12740,0
13537,0
11281,0
3876,0
13393,0
14505,1
12941,1
9444,1
4617,1
4294,1
2694,1
7256,0
12185,1
5769,1
7564,0
10140,0
2125,1
10053,2
1392,0
1567,1
13490,1
14295,1
378,0
6259,0
11634,2
8621,0
5950,1
537,2
7698,1
12308,0
1745,1
14173,0
7789,0
5360,1
11815,1
3002,0
7040,2
2827,0
14305,1
5092,1
4483,2
9847,1
7095,1
12937,2
9901,0
2854,0
7001,0
13930,0
3647,2
10446,1
1911,0
340,0
10601,0
5406,1
7699,1
1429,2
9010,0
4351,1
5789,1
9878,1
7872,0
14383,0
8336,1
7063,1
3794,2
12096,0
9335,0
7195,2
3959,1
12046,0
12360,0
2173,0
14445,1
13125,0
3440,2
2423,1
12464,0
3099,2
11313,1
1998,2
2100,0
5288,2
11080,0
5930,1
8332,1
850,1
9460,1
2537,0
7222,1
8766,2
6082,0
11623,2
5179,2
4201,1
3807,2
1007,0
6329,0
4376,0
3599,2
11402,0
10238,1
10943,0
2571,1
8778,2
4138,1
819,0
2797,1
6320,1
4802,2
3218,2
903,2
6715,1
2544,1
6701,2
10886,0
213,2
967,2
9671,0
1077,1
2367,2
3601,0
3690,2
1671,0
4439,1
1592,2
2075,0
10193,1
635,1
4633,1
3913,2
6205,1
14432,1
10789,1
10802,2
193,0
12637,2
10255,0
7342,2
12149,0
3717,1
9645,1
11328,0
12004,1
13654,1
2407,0
12940,0
1388,1
319,0
7379,0
3168,1
1473,0
9266,1
13794,0
10721,1
12595,2
10586,1
6409,0
8465,2
2459,1
13532,1
631,1
12082,0
11307,0
837,0
5991,1
13198,1
3602,1
11536,0
11411,2
2914,0
11272,0
11489,1
1381,0
12074,1
14203,1
1640,1
11646,1
3678,0
1176,1
252,0
938,1
13626,0
257,0
7283,1
11898,0
9214,1
14355,1
2218,0
5827,0
1635,1
11368,2
9716,2
5533,2
3957,1
5124,0
14225,2
8128,0
6621,0
9260,2
5376,0
5868,2
9085,1
5666,0
12981,2
5034,0
5156,0
1119,0
1970,0
14382,1
810,1
2731,0
1964,1
12492,1
13639,1
2863,2
7683,0
12354,0
10888,1
5772,1
5844,1
7160,1
9263,1
8204,1
2683,0
3266,1
2371,0
907,2
3713,0
762,1
6743,2
2387,2
9395,2
6980,1
1324,1
524,1
2726,2
3966,1
2613,1
13324,2
1523,2
1134,1
4790,2
11401,1
920,0
4861,2
3109,1
12585,2
8930,1
322,1
8161,1
14739,0
4789,2
12979,2
4023,1
5054,2
8890,0
10846,0
839,0
13684,1
3979,0
12425,0
5465,2
14075,2
10234,2
14171,1
8398,1
9106,1
11266,1
12470,1
979,1
7536,2
4515,0
5123,0
10884,1
13939,1
6039,0
5473,1
3067,1
7270,2
3011,0
12731,0
11758,0
3391,0
6920,0
10501,1
8002,1
11047,0
13091,1
3164,0
9530,0
3993,2
3261,1
3536,2
5336,1
10349,1
4207,0
3106,1
8375,2
3706,1
7343,0
4196,0
4468,1
91,2
7750,0
7824,0
6515,1
11418,2
4856,1
5835,2
13103,0
3747,1
5045,0
6428,0
13162,0
9504,0
618,1
9484,1
3549,1
3771,2
7292,0
3020,0
11359,1
3882,1
10085,1
13831,0
7403,0
5794,1
4976,2
3275,0
11156,0
7279,0
11799,0
12780,1
4370,2
13763,2
11836,1
5706,1
10827,0
8652,1
14226,2
1183,0
10837,0
10929,1
8071,1
8598,0
13384,0
10636,2
1618,2
1232,0
5036,0
4805,1
3737,1
8903,1
14121,0
7808,0
13283,1
1584,1
13425,1
8858,0
8153,0
6181,1
6833,2
10500,1
4565,1
8936,1
7718,2
7726,2
73,0
1704,2
3007,0
4198,2
7448,1
12134,1
4153,0
13749,1
14532,1
2265,0
5340,1
7181,1
2355,1
471,1
9413,1
12859,0
8644,2
5496,0
3990,0
9861,2
5397,1
12932,0
3153,0
3155,1
13098,1
12085,1
13844,2
11972,0
8979,0
10342,1
8793,0
13768,2
8954,0
851,1
10687,2
10181,0
3538,0
11846,2
3607,1
11710,0
6615,1
8334,2
6097,0
13632,1
6940,1
8902,1
7273,2
8276,1
13528,1
9478,1
1786,0
12768,0
9816,0
12131,1
6974,0
1947,0
451,1
6,2
9698,1
8601,1
3386,1
4078,2
9410,0
6505,0
13774,0
591,0
3759,1
9875,0
9415,2
10276,0
9888,1
480,0
10967,0
8756,0
8791,2
14313,1
8250,1
3117,0
12567,0
1982,2
8862,0
8338,2
8390,0
1834,2
8264,1
4174,1
4974,1
12391,1
2470,0
196,1
13096,0
2031,2
3967,2
12274,1
7368,1
9443,1
707,2
7296,1
1891,1
5911,1
1795,2
10242,0
2861,0
9311,2
5566,0
11953,1
7487,0
2072,1
11060,1
10270,0
4024,0
5227,0
1859,1
107,0
5643,1
11057,1
6717,0
4577,1
9507,0
6635,0
7439,0
11217,1
6874,0
14476,0
2530,1
14153,0
4230,0
11074,2
13966,2
1037,1
10551,2
90,0
2110,0
2219,2
6292,0
1986,1
4473,1
3643,0
12955,1
2453,1
6027,0
7008,2
11812,2
885,0
5166,0
5848,1
4391,0
13,1
4903,1
1404,0
3213,1
14179,0
13563,0
9866,1
10160,2
1146,0
6354,0
1158,1
4200,1
9152,0
5323,1
8066,2
13006,1
3081,1
12084,1
13280,1
2406,1
5944,0
3312,2
5611,0
2343,0
1574,2
14516,1
2708,0
13298,0
6774,1
8639,1
3283,2
14732,1
5467,2
13203,1
13225,1
11839,1
7186,1
908,1
10576,0
7143,0
3220,0
14584,1
11980,2
10033,1
8509,2
1000,1
13986,0
13725,2
10918,0
544,0
8280,0
48,0
4512,1
263,0
6168,2
2847,0
11715,1
14698,0
2929,1
737,1
10703,2
13948,0
9794,2
4764,1
10769,1
13373,1
1593,0
14131,1
4796,1
12559,2
6624,1
12853,1
3584,0
7017,2
2677,0
3775,2
2372,2
3973,1
7574,1
9843,2
14738,0
4939,0
13779,0
6200,1
11703,2
12152,1
5904,0
14151,0
14334,2
642,1
1250,1
11040,1
7101,0
3491,1
5758,0
10435,1
7285,0
2980,0
3582,0
14158,1
3667,1
7796,0
5987,0
7310,1
12339,0
1961,1
13702,0
2304,0
11136,1
10865,0
8197,1
4128,1
13583,0
2811,0
4677,0
10907,1
7456,1
5624,2
12575,0
6431,0
11932,1
7748,0
332,0
1975,0
12474,1
14044,0
3204,0
3700,0
12893,0
4989,2
14499,2
12499,1
271,1
13757,1
2569,0
1630,0
14068,1
11899,1
4628,0
11116,0
14746,1
6382,0
7799,1
11537,2
4204,0
8612,1
4637,1
7835,1
14332,2
10507,1
1653,1
1642,2
13971,2
14080,0
7735,2
5377,1
7903,1
877,1
445,1
10262,1
10996,1
5587,1
8907,2
9496,2
12183,0
6786,0
10681,2
1711,0
6275,1
719,0
9274,1
7829,2
1867,2
1518,0
7026,1
282,0
3885,1
12407,1
5515,0
9318,2
5382,2
3585,1
5241,1
11877,1
5802,1
7734,1
6410,2
14204,1
5018,0
12059,0
10390,2
12919,1
11675,0
9542,2
6521,0
4042,1
4441,0
8493,0
10129,2
6945,2
4671,0
3524,1
7321,0
10878,2
11381,1
14092,0
10689,0
901,0
14134,1
9461,0
10632,2
11655,1
6038,0
3890,0
12439,0
3722,2
12560,1
6811,0
9174,1
2799,1
6794,1
1126,1
9483,1
4412,2
2002,2
500,1
1951,1
3265,0
11124,2
9169,2
7714,1
13066,1
1124,1
1901,0
10859,1
495,1
4746,2
1412,2
7294,1
6479,1
11687,0
1631,0
6282,0
9189,2
8857,1
14394,1
3455,1
12049,2
13608,1
626,0
3523,0
3894,0
1762,1
12514,0
5454,1
1646,1
14470,0
2574,0
4942,1
12586,1
5537,2
12746,1
2789,2
3611,1
2681,1
4418,1
5322,1
5614,1
12968,0
4219,0
1450,1
2610,2
5558,0
10781,1
3963,1
7685,2
10018,1
11070,1
12751,1
8353,1
12604,1
8191,0
10364,0
3076,0
6673,1
7742,0
954,1
869,0
8139,0
10017,0
3697,2
6050,2
2114,0
4643,0
10268,0
11296,1
9578,1
3969,0
